date,item_cnt_day,item_price,item_id,shop_id
2013-01-01,1957.0,726.0507030157775,1669.0,1669.0
2013-01-02,3828.0,669.4785924995741,3356.0,3356.0
2013-01-03,3854.0,667.6809486980127,3491.0,3491.0
2013-01-04,2582.0,708.2679875962364,2338.0,2338.0
2013-01-05,4873.0,582.6011134412001,4255.0,4255.0
2013-01-06,5740.0,623.6788389878868,4581.0,4581.0
2013-01-07,3406.0,686.6570648464163,2930.0,2930.0
2013-01-08,3224.0,624.3830775138825,2821.0,2821.0
2013-01-09,5446.0,620.6687337317372,4267.0,4267.0
2013-01-10,2946.0,803.8163849065348,2252.0,2252.0
2013-01-11,4443.0,862.3584328129804,3267.0,3267.0
2013-01-12,4999.0,936.1045337082793,3998.0,3998.0
2013-01-13,4494.0,699.7739077890894,4027.0,4027.0
2013-01-14,2607.0,758.3020679265942,2434.0,2434.0
2013-01-15,3153.0,748.1902796284827,2766.0,2766.0
2013-01-16,3039.0,746.0271166424419,2752.0,2752.0
2013-01-17,3099.0,715.505616005616,2849.0,2849.0
2013-01-18,3700.0,743.2554510189829,3339.0,3339.0
2013-01-19,6047.0,691.8895113479189,5302.0,5302.0
2013-01-20,5122.0,698.8045189504359,4459.0,4459.0
2013-01-21,2649.0,736.2577623519804,2449.0,2449.0
2013-01-22,2780.0,694.1071356251202,2544.0,2544.0
2013-01-23,2740.0,681.1795838781196,2513.0,2513.0
2013-01-24,3022.0,674.485593164802,2737.0,2737.0
2013-01-25,4251.0,678.5912136328105,3513.0,3513.0
2013-01-26,6279.0,668.3760619637744,5245.0,5245.0
2013-01-27,5281.0,654.8738740740744,4500.0,4500.0
2013-01-28,2858.0,643.5056198078919,2568.0,2568.0
2013-01-29,2771.0,703.0192969385802,2532.0,2532.0
2013-01-30,3049.0,649.001397149938,2690.0,2690.0
2013-01-31,2994.0,658.2582751303357,2728.0,2728.0
2013-02-01,8232.0,758.9817346538773,6718.0,6718.0
2013-02-02,6153.0,663.1118923544467,5210.0,5210.0
2013-02-03,6498.0,630.1485494777676,5585.0,5585.0
2013-02-04,2547.0,741.7449733160236,2311.0,2311.0
2013-02-05,4308.0,607.5521949867255,3744.0,3744.0
2013-02-06,4488.0,580.5261838696659,3658.0,3658.0
2013-02-07,3383.0,657.4352543973387,2889.0,2889.0
2013-02-08,4397.0,621.5509133683919,3613.0,3613.0
2013-02-09,4551.0,725.1737296177809,3041.0,3041.0
2013-02-10,3021.0,750.7687828390641,2383.0,2383.0
2013-02-11,6661.0,799.2346535471653,4874.0,4874.0
2013-02-12,2590.0,1040.4584381565126,2176.0,2176.0
2013-02-13,3785.0,733.3537406278618,3328.0,3328.0
2013-02-14,4037.0,707.7184777308969,3555.0,3555.0
2013-02-15,4272.0,734.5806976419182,3748.0,3748.0
2013-02-16,6663.0,681.4716473311057,5689.0,5689.0
2013-02-17,5879.0,680.5617837642253,5067.0,5067.0
2013-02-18,3214.0,617.1923689727475,2862.0,2862.0
2013-02-19,4237.0,685.2902331914037,3330.0,3330.0
2013-02-20,4083.0,696.409267398026,3572.0,3572.0
2013-02-21,5302.0,727.6341043134818,4130.0,4130.0
2013-02-22,8026.0,734.3193852811957,6437.0,6437.0
2013-02-23,9473.0,689.0386648074458,7577.0,7577.0
2013-02-24,6151.0,675.995717204019,5233.0,5233.0
2013-02-25,3039.0,759.0579185810424,2674.0,2674.0
2013-02-26,2986.0,689.57506947006,2711.0,2711.0
2013-02-27,3028.0,715.5993742268194,2733.0,2733.0
2013-02-28,2934.0,692.5952160265879,2708.0,2708.0
2013-03-01,7444.0,740.6506221551808,6298.0,6298.0
2013-03-02,5074.0,629.8578976882587,4369.0,4369.0
2013-03-03,5491.0,657.0975570240578,4810.0,4810.0
2013-03-04,2590.0,693.4409227437831,2386.0,2386.0
2013-03-05,3921.0,612.4658848096338,3432.0,3432.0
2013-03-06,3250.0,649.1069726634651,2707.0,2707.0
2013-03-07,3447.0,640.8860188752851,2929.0,2929.0
2013-03-08,5289.0,575.430218879383,4359.0,4359.0
2013-03-09,4793.0,696.8865037780886,2830.0,2830.0
2013-03-10,3833.0,789.0918515069162,2707.0,2707.0
2013-03-11,6180.0,755.4107008406421,4560.0,4560.0
2013-03-12,2814.0,1037.0404815028035,2353.0,2353.0
2013-03-13,4014.0,777.800555618749,2997.0,2997.0
2013-03-14,3649.0,769.3882801072629,2930.0,2930.0
2013-03-15,4897.0,763.397327304782,3779.0,3779.0
2013-03-16,7355.0,713.5828326308144,5721.0,5721.0
2013-03-17,5621.0,684.6870601779747,4586.0,4586.0
2013-03-18,3120.0,732.9508895405671,2728.0,2728.0
2013-03-19,3130.0,698.7308199121524,2732.0,2732.0
2013-03-20,3265.0,755.0234555984543,2849.0,2849.0
2013-03-21,3494.0,697.6893604062493,3057.0,3057.0
2013-03-22,4660.0,705.9271285936591,3774.0,3774.0
2013-03-23,7241.0,670.3743018165635,5885.0,5885.0
2013-03-24,5226.0,696.9213038868807,4428.0,4428.0
2013-03-25,3196.0,697.4572139379442,2807.0,2807.0
2013-03-26,3927.0,723.792175388431,3033.0,3033.0
2013-03-27,3681.0,683.4738519229393,3136.0,3136.0
2013-03-28,3782.0,706.0445705721089,3259.0,3259.0
2013-03-29,4480.0,707.3032904532397,3788.0,3788.0
2013-03-30,6626.0,655.0655044551959,5566.0,5566.0
2013-03-31,5379.0,671.8112728445501,4651.0,4651.0
2013-04-01,6628.0,737.0732090876803,5634.0,5634.0
2013-04-02,2347.0,667.861935808198,2155.0,2155.0
2013-04-03,3064.0,706.4569365372766,2705.0,2705.0
2013-04-04,2754.0,661.0178164135355,2502.0,2502.0
2013-04-05,3629.0,584.8166900166042,3212.0,3212.0
2013-04-06,3258.0,606.5503672828321,2759.0,2759.0
2013-04-07,3635.0,657.9597204757032,2931.0,2931.0
2013-04-08,4305.0,579.5456102578167,3646.0,3646.0
2013-04-09,3415.0,722.8430230744827,2397.0,2397.0
2013-04-10,5512.0,829.7069450018054,3386.0,3386.0
2013-04-11,4622.0,771.2476490402354,3612.0,3612.0
2013-04-12,3195.0,1025.079834843639,2680.0,2680.0
2013-04-13,6034.0,659.9495626273668,5094.0,5094.0
2013-04-14,4497.0,679.6101835145346,3930.0,3930.0
2013-04-15,2531.0,682.8869057815832,2335.0,2335.0
2013-04-16,2514.0,681.3513146643863,2339.0,2339.0
2013-04-17,2466.0,657.3758383925991,2306.0,2306.0
2013-04-18,2736.0,642.9413849765273,2485.0,2485.0
2013-04-19,3921.0,660.0783786904,3042.0,3042.0
2013-04-20,5654.0,622.1121732884875,4757.0,4757.0
2013-04-21,4567.0,641.4002738065377,3987.0,3987.0
2013-04-22,2507.0,671.9248524118058,2315.0,2315.0
2013-04-23,2478.0,626.3385384232158,2294.0,2294.0
2013-04-24,2724.0,620.8900882232252,2437.0,2437.0
2013-04-25,3254.0,644.0338061797752,2848.0,2848.0
2013-04-26,3643.0,630.9279515828698,3222.0,3222.0
2013-04-27,5254.0,633.4981882448712,4503.0,4503.0
2013-04-28,4603.0,607.3648098379346,4093.0,4093.0
2013-04-29,2781.0,639.7626909382043,2434.0,2434.0
2013-04-30,3917.0,636.3787685866275,3321.0,3321.0
2013-05-01,6360.0,735.0393952509753,5545.0,5545.0
2013-05-02,3308.0,734.0600083661279,2506.0,2506.0
2013-05-03,4437.0,782.9755081892292,3195.0,3195.0
2013-05-04,4028.0,653.7106775441189,3395.0,3395.0
2013-05-05,3396.0,551.5367247178818,3072.0,3072.0
2013-05-06,3425.0,635.9179639135568,2783.0,2783.0
2013-05-07,3929.0,641.7526921510049,3156.0,3156.0
2013-05-08,3437.0,602.8043360243349,2849.0,2849.0
2013-05-09,3506.0,695.9992284971202,2652.0,2652.0
2013-05-10,8434.0,768.8114531168741,5186.0,5186.0
2013-05-11,4691.0,937.5710115140581,2547.0,2547.0
2013-05-12,3211.0,1071.510723056213,2579.0,2579.0
2013-05-13,2081.0,587.6585083114609,1905.0,1905.0
2013-05-14,1971.0,657.1536192046913,1819.0,1819.0
2013-05-15,2514.0,642.458778025241,2245.0,2245.0
2013-05-16,2373.0,633.8571856287425,2171.0,2171.0
2013-05-17,4587.0,662.7253467937855,3099.0,3099.0
2013-05-18,5214.0,643.633184982433,4049.0,4049.0
2013-05-19,4296.0,618.8744049037377,3510.0,3510.0
2013-05-20,2720.0,669.7719944057649,2314.0,2314.0
2013-05-21,2788.0,669.2708637152787,2368.0,2368.0
2013-05-22,2870.0,624.508395644758,2541.0,2541.0
2013-05-23,3057.0,599.3282546226886,2668.0,2668.0
2013-05-24,4071.0,628.5546150070428,3347.0,3347.0
2013-05-25,5286.0,651.3307851601602,4440.0,4440.0
2013-05-26,4755.0,635.1551583606006,3973.0,3973.0
2013-05-27,2676.0,679.5393347193349,2405.0,2405.0
2013-05-28,3004.0,643.5409009820293,2591.0,2591.0
2013-05-29,2957.0,645.6678863975238,2523.0,2523.0
2013-05-30,3517.0,641.0708861116059,2920.0,2920.0
2013-05-31,4125.0,635.0549219687878,3332.0,3332.0
2013-06-01,5869.0,738.8686656901012,5120.0,5120.0
2013-06-02,2980.0,693.4655896436137,2589.0,2589.0
2013-06-03,4344.0,688.5500590903147,3620.0,3620.0
2013-06-04,6299.0,645.0928185667626,5308.0,5308.0
2013-06-05,2609.0,633.0104504613158,2369.0,2369.0
2013-06-06,3778.0,637.2487368819634,3081.0,3081.0
2013-06-07,4391.0,661.7160909042117,3549.0,3549.0
2013-06-08,3246.0,659.6540244195836,2771.0,2771.0
2013-06-09,4363.0,710.343892456678,3270.0,3270.0
2013-06-10,7280.0,807.0978674417792,4243.0,4243.0
2013-06-11,3713.0,867.8157122515041,2575.0,2575.0
2013-06-12,4715.0,1056.115956630457,3484.0,3484.0
2013-06-13,3411.0,613.7467249946664,2849.0,2849.0
2013-06-14,5834.0,662.5635606713689,3606.0,3606.0
2013-06-15,5304.0,647.2130940638655,4073.0,4073.0
2013-06-16,4393.0,636.414451250574,3589.0,3589.0
2013-06-17,3436.0,642.2253791806467,2783.0,2783.0
2013-06-18,3388.0,645.9018547530179,2830.0,2830.0
2013-06-19,3321.0,652.3868326788064,2801.0,2801.0
2013-06-20,3912.0,598.6302095353782,3293.0,3293.0
2013-06-21,4433.0,618.865836666278,3679.0,3679.0
2013-06-22,5262.0,620.6734607636754,4385.0,4385.0
2013-06-23,4435.0,657.5498735478105,3730.0,3730.0
2013-06-24,3178.0,669.7846364126564,2561.0,2561.0
2013-06-25,3578.0,759.684670236712,2634.0,2634.0
2013-06-26,3194.0,699.2600291828791,2570.0,2570.0
2013-06-27,3759.0,614.6366879493395,2863.0,2863.0
2013-06-28,4001.0,647.8728991944529,3111.0,3111.0
2013-06-29,4978.0,626.5191353997163,3958.0,3958.0
2013-06-30,4228.0,614.513641083734,3531.0,3531.0
2013-07-01,5000.0,689.6987850996362,4416.0,4416.0
2013-07-02,3763.0,732.146676417482,3086.0,3086.0
2013-07-03,6776.0,677.3854971457994,5344.0,5344.0
2013-07-04,5139.0,640.2077415887346,4430.0,4430.0
2013-07-05,2745.0,607.5008513826452,2447.0,2447.0
2013-07-06,5142.0,644.108503844413,3685.0,3685.0
2013-07-07,4671.0,593.3082224040066,3842.0,3842.0
2013-07-08,3678.0,578.7157210286454,3072.0,3072.0
2013-07-09,6196.0,659.6203228218125,4879.0,4879.0
2013-07-10,2797.0,793.295444493587,2261.0,2261.0
2013-07-11,3485.0,843.4283483877235,2640.0,2640.0
2013-07-12,6759.0,924.4904720228844,5156.0,5156.0
2013-07-13,4805.0,597.2295686680469,4071.0,4071.0
2013-07-14,4269.0,603.1809503796094,3688.0,3688.0
2013-07-15,3158.0,599.0724975845409,2760.0,2760.0
2013-07-16,3533.0,622.9892352416612,3115.0,3115.0
2013-07-17,3571.0,618.1462179079144,3142.0,3142.0
2013-07-18,3296.0,634.8314578367958,2937.0,2937.0
2013-07-19,3693.0,629.5156405913149,3247.0,3247.0
2013-07-20,4942.0,595.4519775333488,4273.0,4273.0
2013-07-21,4558.0,586.2043046025694,3935.0,3935.0
2013-07-22,3356.0,652.1880934256055,2890.0,2890.0
2013-07-23,3458.0,635.2891152013455,3058.0,3058.0
2013-07-24,3416.0,592.0275439768427,2994.0,2994.0
2013-07-25,3441.0,589.3547959255231,3002.0,3002.0
2013-07-26,3726.0,598.5048354320229,3256.0,3256.0
2013-07-27,5235.0,574.7084500778298,4497.0,4497.0
2013-07-28,4114.0,613.8469515551889,3633.0,3633.0
2013-07-29,3246.0,610.8513253424657,2920.0,2920.0
2013-07-30,3506.0,631.8631993950293,3058.0,3058.0
2013-07-31,3416.0,603.7190668759162,2976.0,2976.0
2013-08-01,4795.0,711.4320010072832,4302.0,4302.0
2013-08-02,4436.0,704.3886958831308,3765.0,3765.0
2013-08-03,7593.0,650.0128428795323,6124.0,6124.0
2013-08-04,2515.0,681.8230028853651,2261.0,2261.0
2013-08-05,3464.0,658.4832924250784,3108.0,3108.0
2013-08-06,5651.0,608.9393468959094,4536.0,4536.0
2013-08-07,3147.0,630.7229399994281,2691.0,2691.0
2013-08-08,3716.0,597.8357076947135,3197.0,3197.0
2013-08-09,5067.0,664.0444028122416,4030.0,4030.0
2013-08-10,2836.0,766.5057748600949,2323.0,2323.0
2013-08-11,4326.0,815.6934836969051,3377.0,3377.0
2013-08-12,5448.0,824.4690508051714,4409.0,4409.0
2013-08-13,3352.0,644.742797569922,2908.0,2908.0
2013-08-14,3224.0,643.4697980932414,2862.0,2862.0
2013-08-15,3646.0,632.6473683970237,3129.0,3129.0
2013-08-16,3902.0,665.3842110979457,3376.0,3376.0
2013-08-17,4902.0,616.1553480684984,4185.0,4185.0
2013-08-18,4092.0,609.8480066908295,3587.0,3587.0
2013-08-19,3470.0,614.4981884515713,2940.0,2940.0
2013-08-20,3457.0,651.1663289141412,2904.0,2904.0
2013-08-21,3788.0,623.550086746368,3059.0,3059.0
2013-08-22,3830.0,624.0574389714991,3228.0,3228.0
2013-08-23,4266.0,613.0458748180506,3435.0,3435.0
2013-08-24,5673.0,622.5870418797551,4579.0,4579.0
2013-08-25,5096.0,602.5527002537859,4203.0,4203.0
2013-08-26,3635.0,631.4884217619525,3021.0,3021.0
2013-08-27,3596.0,573.2998181286549,3040.0,3040.0
2013-08-28,4061.0,700.7264443644965,3270.0,3270.0
2013-08-29,4553.0,752.3323062472166,3209.0,3209.0
2013-08-30,4844.0,688.2089061235513,3707.0,3707.0
2013-08-31,5599.0,685.8907039023848,4457.0,4457.0
2013-09-01,3174.0,733.58162043458,2884.0,2884.0
2013-09-02,6804.0,681.1683823011966,5684.0,5684.0
2013-09-03,6394.0,669.9866591889668,5397.0,5397.0
2013-09-04,2789.0,667.8264601603022,2525.0,2525.0
2013-09-05,3060.0,586.508766066838,2723.0,2723.0
2013-09-06,4574.0,579.9738759072407,3766.0,3766.0
2013-09-07,3245.0,639.5434431762395,2716.0,2716.0
2013-09-08,3773.0,583.585246051033,3292.0,3292.0
2013-09-09,2828.0,700.8946951472419,2411.0,2411.0
2013-09-10,3936.0,828.2784744788692,2591.0,2591.0
2013-09-11,6019.0,746.4210144144146,4625.0,4625.0
2013-09-12,2956.0,1006.4138575408205,2522.0,2522.0
2013-09-13,3877.0,691.3478698550124,3234.0,3234.0
2013-09-14,5902.0,685.1127782607805,4683.0,4683.0
2013-09-15,5017.0,680.9928485331377,4079.0,4079.0
2013-09-16,2911.0,707.3083393598488,2489.0,2489.0
2013-09-17,6851.0,959.4825645669272,2673.0,2673.0
2013-09-18,5624.0,977.5233559395342,2562.0,2562.0
2013-09-19,3743.0,830.1539162638379,2601.0,2601.0
2013-09-20,5056.0,813.5041925938305,3438.0,3438.0
2013-09-21,6702.0,759.9201431783116,4806.0,4806.0
2013-09-22,4941.0,742.3169755677345,3862.0,3862.0
2013-09-23,2845.0,853.5236424008481,2264.0,2264.0
2013-09-24,3991.0,931.8718562624277,2565.0,2565.0
2013-09-25,3375.0,914.7075039135311,2543.0,2543.0
2013-09-26,4127.0,929.5666826941326,2605.0,2605.0
2013-09-27,4247.0,810.99764070311,3021.0,3021.0
2013-09-28,6596.0,773.0537765712903,4803.0,4803.0
2013-09-29,5070.0,770.914898130915,3923.0,3923.0
2013-09-30,2910.0,829.4420480027292,2234.0,2234.0
2013-10-01,3163.0,735.1571986417656,2945.0,2945.0
2013-10-02,5522.0,661.5312787423247,4723.0,4723.0
2013-10-03,5084.0,665.7041258914309,4387.0,4387.0
2013-10-04,2843.0,668.3425751759435,2605.0,2605.0
2013-10-05,3443.0,589.7967956989258,3100.0,3100.0
2013-10-06,3378.0,592.8652326051783,2884.0,2884.0
2013-10-07,3437.0,631.9805059523808,2936.0,2936.0
2013-10-08,4515.0,583.5481852234565,3871.0,3871.0
2013-10-09,3102.0,705.905644541599,2516.0,2516.0
2013-10-10,3524.0,809.19825655286,2621.0,2621.0
2013-10-11,5163.0,784.0233153020237,4067.0,4067.0
2013-10-12,3592.0,937.2847533077596,2998.0,2998.0
2013-10-13,4958.0,727.4895549958026,3970.0,3970.0
2013-10-14,2829.0,814.2350375626042,2396.0,2396.0
2013-10-15,2937.0,773.5560941635323,2393.0,2393.0
2013-10-16,2848.0,772.6636977627692,2369.0,2369.0
2013-10-17,3115.0,769.0960007803357,2563.0,2563.0
2013-10-18,3781.0,783.05600530856,3014.0,3014.0
2013-10-19,6074.0,704.266650814712,4899.0,4899.0
2013-10-20,4730.0,802.1704381894006,3894.0,3894.0
2013-10-21,2346.0,782.8607915437545,2034.0,2034.0
2013-10-22,2289.0,780.5766485775367,2027.0,2027.0
2013-10-23,2570.0,731.000991618021,2227.0,2227.0
2013-10-24,2763.0,780.3729994846877,2264.0,2264.0
2013-10-25,4423.0,786.9406721484007,3059.0,3059.0
2013-10-26,6247.0,747.4388629157563,4717.0,4717.0
2013-10-27,5032.0,758.1391923551164,4055.0,4055.0
2013-10-28,2608.0,825.7474852741291,2207.0,2207.0
2013-10-29,5963.0,945.5064826620658,2590.0,2590.0
2013-10-30,3909.0,856.557478417512,2685.0,2685.0
2013-10-31,3836.0,867.7537503407294,2811.0,2811.0
2013-11-01,3842.0,757.199456783001,3467.0,3467.0
2013-11-02,3423.0,715.6483374109001,2859.0,2859.0
2013-11-03,2860.0,696.8334879613733,2385.0,2385.0
2013-11-04,3321.0,674.9548558260166,2883.0,2883.0
2013-11-05,3524.0,620.9337395002657,3135.0,3135.0
2013-11-06,3958.0,631.7195198527943,3099.0,3099.0
2013-11-07,3569.0,587.227497494153,2993.0,2993.0
2013-11-08,3849.0,591.9199248531901,3349.0,3349.0
2013-11-09,3330.0,738.5542332865812,2852.0,2852.0
2013-11-10,4343.0,800.3584024585839,3328.0,3328.0
2013-11-11,2792.0,796.3969936940902,2273.0,2273.0
2013-11-12,3272.0,946.708013142176,2790.0,2790.0
2013-11-13,2566.0,816.5058023572076,2206.0,2206.0
2013-11-14,2800.0,769.908657604078,2354.0,2354.0
2013-11-15,4052.0,772.1889117102943,3269.0,3269.0
2013-11-16,6300.0,749.3670965780047,4941.0,4941.0
2013-11-17,5050.0,777.8412004378497,4111.0,4111.0
2013-11-18,2499.0,826.7283702060083,2189.0,2189.0
2013-11-19,3192.0,808.0278614457832,2656.0,2656.0
2013-11-20,2793.0,717.954593879594,2331.0,2331.0
2013-11-21,4678.0,846.0266964843227,2834.0,2834.0
2013-11-22,5448.0,833.345768973998,3301.0,3301.0
2013-11-23,6625.0,804.9896974738299,4899.0,4899.0
2013-11-24,5206.0,803.2743624371248,4055.0,4055.0
2013-11-25,2853.0,819.4316805760069,2328.0,2328.0
2013-11-26,2659.0,842.3768493169069,2258.0,2258.0
2013-11-27,2551.0,780.9250736091739,2151.0,2151.0
2013-11-28,2747.0,787.0181535300177,2271.0,2271.0
2013-11-29,7269.0,1209.7950567648852,3221.0,3221.0
2013-11-30,6288.0,969.305421259492,4809.0,4809.0
2013-12-01,5451.0,671.1922873359517,4745.0,4745.0
2013-12-02,3635.0,780.2430215630349,2957.0,2957.0
2013-12-03,4300.0,752.7948038801005,2598.0,2598.0
2013-12-04,3951.0,642.452567379791,3423.0,3423.0
2013-12-05,3314.0,583.6882024699754,2942.0,2942.0
2013-12-06,4896.0,585.0327574525747,4018.0,4018.0
2013-12-07,4166.0,617.532220335786,3534.0,3534.0
2013-12-08,3171.0,575.8534686433699,2833.0,2833.0
2013-12-09,3169.0,717.547117376293,2607.0,2607.0
2013-12-10,6095.0,724.9280528978776,4747.0,4747.0
2013-12-11,2599.0,823.7976580796252,2135.0,2135.0
2013-12-12,3402.0,927.1135043892353,2839.0,2839.0
2013-12-13,4353.0,1031.7521808510648,3525.0,3525.0
2013-12-14,7233.0,877.5739850026727,5601.0,5601.0
2013-12-15,5942.0,911.6761393014307,4848.0,4848.0
2013-12-16,3613.0,997.4568751907467,2983.0,2983.0
2013-12-17,3912.0,966.0767959751113,3237.0,3237.0
2013-12-18,4160.0,1002.4338357126483,3400.0,3400.0
2013-12-19,4578.0,1095.1757757889984,3664.0,3664.0
2013-12-20,5311.0,1013.6010685314792,4321.0,4321.0
2013-12-21,8712.0,972.3183216037581,6773.0,6773.0
2013-12-22,7756.0,956.1441551345398,6070.0,6070.0
2013-12-23,4775.0,1053.1858275598775,3959.0,3959.0
2013-12-24,5127.0,1114.1056368606557,4177.0,4177.0
2013-12-25,6502.0,1015.2495010317576,5223.0,5223.0
2013-12-26,7122.0,1045.2743296925826,5598.0,5598.0
2013-12-27,7997.0,1060.4855806901678,6211.0,6211.0
2013-12-28,13362.0,1006.0672782979868,9434.0,9434.0
2013-12-29,12877.0,983.8430395710326,9335.0,9335.0
2013-12-30,12850.0,1034.024031133147,9138.0,9138.0
2013-12-31,10535.0,1103.2539400250896,7765.0,7765.0
2014-01-01,2313.0,919.0485574154069,1852.0,1852.0
2014-01-02,5720.0,749.0724859466555,4691.0,4691.0
2014-01-03,5878.0,850.8456625155824,4554.0,4554.0
2014-01-04,2078.0,967.5269538987952,1851.0,1851.0
2014-01-05,3650.0,816.6482918395571,3133.0,3133.0
2014-01-06,4383.0,836.421746564397,3576.0,3576.0
2014-01-07,2620.0,820.1549812896345,2254.0,2254.0
2014-01-08,3057.0,856.4323142819162,2507.0,2507.0
2014-01-09,2897.0,807.8353428320287,2482.0,2482.0
2014-01-10,3099.0,1191.037318784992,2007.0,2007.0
2014-01-11,4885.0,1026.7278089143617,4063.0,4063.0
2014-01-12,2487.0,1318.889953530317,1986.0,1986.0
2014-01-13,2360.0,967.14798720502,2104.0,2104.0
2014-01-14,2375.0,853.8986603570332,2166.0,2166.0
2014-01-15,2436.0,899.4858042279412,2176.0,2176.0
2014-01-16,2401.0,931.9226052009458,2115.0,2115.0
2014-01-17,3190.0,874.5476560751401,2780.0,2780.0
2014-01-18,4766.0,824.5538622227672,4073.0,4073.0
2014-01-19,4247.0,861.6989454021871,3671.0,3671.0
2014-01-20,2195.0,848.0146666907411,1978.0,1978.0
2014-01-21,2651.0,892.2627222933564,2343.0,2343.0
2014-01-22,2348.0,859.8344047619048,2100.0,2100.0
2014-01-23,2590.0,842.1313634207222,2225.0,2225.0
2014-01-24,3411.0,885.4548184931512,2920.0,2920.0
2014-01-25,5315.0,749.7261923392209,4473.0,4473.0
2014-01-26,4200.0,812.2772586926288,3595.0,3595.0
2014-01-27,2646.0,796.5124882057057,2187.0,2187.0
2014-01-28,2625.0,801.856602336585,2254.0,2254.0
2014-01-29,2644.0,797.4008009376448,2260.0,2260.0
2014-01-30,2577.0,810.4301192052995,2265.0,2265.0
2014-01-31,3628.0,798.7597860833043,3097.0,3097.0
2014-02-01,7949.0,921.3139301523806,6194.0,6194.0
2014-02-02,4568.0,781.1643959486762,3793.0,3793.0
2014-02-03,4159.0,886.6133812974463,3450.0,3450.0
2014-02-04,2269.0,889.1024109998898,2020.0,2020.0
2014-02-05,3428.0,772.576826880285,2996.0,2996.0
2014-02-06,2737.0,907.6022784394451,2293.0,2293.0
2014-02-07,2715.0,814.8013741946922,2417.0,2417.0
2014-02-08,3453.0,932.1572875302205,2902.0,2902.0
2014-02-09,2203.0,866.1412595453742,1877.0,1877.0
2014-02-10,4744.0,1122.9080240125393,2725.0,2725.0
2014-02-11,4402.0,935.6761504623396,3713.0,3713.0
2014-02-12,2731.0,1323.9316951080773,2051.0,2051.0
2014-02-13,3213.0,879.9201143851774,2681.0,2681.0
2014-02-14,4224.0,867.6441991497093,3489.0,3489.0
2014-02-15,5913.0,768.0336658779153,4860.0,4860.0
2014-02-16,4875.0,748.9073792329672,4085.0,4085.0
2014-02-17,2717.0,848.5518521689493,2336.0,2336.0
2014-02-18,2846.0,807.2291521909477,2431.0,2431.0
2014-02-19,3085.0,951.0142119023409,2572.0,2572.0
2014-02-20,3955.0,940.009896825698,3098.0,3098.0
2014-02-21,5484.0,870.8860515055368,4368.0,4368.0
2014-02-22,8480.0,865.7309594451101,6433.0,6433.0
2014-02-23,6615.0,871.2255586900844,5156.0,5156.0
2014-02-24,2644.0,985.0445080413932,2280.0,2280.0
2014-02-25,2414.0,887.9605474493839,2105.0,2105.0
2014-02-26,2452.0,950.2865029967728,2169.0,2169.0
2014-02-27,2784.0,933.4270496203702,2301.0,2301.0
2014-02-28,4170.0,943.9966313736476,3009.0,3009.0
2014-03-01,6824.0,907.0971038523767,5445.0,5445.0
2014-03-02,2560.0,801.510830100411,2191.0,2191.0
2014-03-03,2547.0,926.6599017643165,2177.0,2177.0
2014-03-04,2490.0,875.9108275489909,2161.0,2161.0
2014-03-05,3322.0,830.2009425367904,2854.0,2854.0
2014-03-06,2631.0,878.033418021292,2241.0,2241.0
2014-03-07,2768.0,859.9172946473484,2387.0,2387.0
2014-03-08,3161.0,859.4823323471412,2704.0,2704.0
2014-03-09,2273.0,820.0749107737645,1808.0,1808.0
2014-03-10,6340.0,1199.0579217680654,3476.0,3476.0
2014-03-11,4672.0,981.110888228015,3443.0,3443.0
2014-03-12,2840.0,1420.6126043234667,2285.0,2285.0
2014-03-13,2628.0,747.1486273792093,2049.0,2049.0
2014-03-14,3683.0,883.6402475639602,2699.0,2699.0
2014-03-15,5406.0,824.9992759013911,3996.0,3996.0
2014-03-16,4278.0,792.5943796796514,3517.0,3517.0
2014-03-17,2702.0,900.1232153147074,2050.0,2050.0
2014-03-18,2602.0,875.4946568502496,2120.0,2120.0
2014-03-19,2716.0,1004.8967018043095,2209.0,2209.0
2014-03-20,3048.0,1029.2882871385234,2421.0,2421.0
2014-03-21,5310.0,1154.4022410410967,3194.0,3194.0
2014-03-22,6235.0,1023.1056919579541,4687.0,4687.0
2014-03-23,4761.0,906.5989445056457,3781.0,3781.0
2014-03-24,2808.0,1095.4914715568887,2303.0,2303.0
2014-03-25,2688.0,1092.6840516569155,2280.0,2280.0
2014-03-26,2797.0,1060.8234992154312,2403.0,2403.0
2014-03-27,2898.0,983.4217300832328,2523.0,2523.0
2014-03-28,3418.0,935.4195706812237,2931.0,2931.0
2014-03-29,5138.0,875.1782134920625,4200.0,4200.0
2014-03-30,4145.0,870.6315883242155,3473.0,3473.0
2014-03-31,2303.0,1016.2516009291294,1955.0,1955.0
2014-04-01,6211.0,902.0901144179891,5040.0,5040.0
2014-04-02,2582.0,814.0850792607936,2207.0,2207.0
2014-04-03,2651.0,929.4228035610043,2284.0,2284.0
2014-04-04,3406.0,868.909574952603,2861.0,2861.0
2014-04-05,2974.0,752.8955152397838,2632.0,2632.0
2014-04-06,2670.0,934.5965843984136,2269.0,2269.0
2014-04-07,2991.0,929.349439347603,2616.0,2616.0
2014-04-08,2451.0,986.067611764706,2125.0,2125.0
2014-04-09,3228.0,866.2662093089988,2142.0,2142.0
2014-04-10,8771.0,1092.2014239580049,4757.0,4757.0
2014-04-11,3635.0,962.2667623432715,2830.0,2830.0
2014-04-12,2899.0,1392.8059783440003,2366.0,2366.0
2014-04-13,4040.0,816.5793890177881,3448.0,3448.0
2014-04-14,2583.0,875.8626621825745,2004.0,2004.0
2014-04-15,4795.0,855.2737235210822,2206.0,2206.0
2014-04-16,2859.0,893.6558714182917,2125.0,2125.0
2014-04-17,3122.0,896.2503189171363,2389.0,2389.0
2014-04-18,3439.0,856.0269180724304,2698.0,2698.0
2014-04-19,4561.0,842.2038625807987,3650.0,3650.0
2014-04-20,3263.0,807.2206727654888,2764.0,2764.0
2014-04-21,2071.0,839.8405214350869,1771.0,1771.0
2014-04-22,2764.0,777.425809758017,1955.0,1955.0
2014-04-23,3129.0,907.579906474821,2085.0,2085.0
2014-04-24,2343.0,903.6597655086256,1982.0,1982.0
2014-04-25,3300.0,801.0228723798194,2556.0,2556.0
2014-04-26,4739.0,831.0005873419232,3935.0,3935.0
2014-04-27,4254.0,800.8790665811016,3582.0,3582.0
2014-04-28,2197.0,942.7111315660286,1940.0,1940.0
2014-04-29,2376.0,857.149426570824,2047.0,2047.0
2014-04-30,3394.0,813.3450902063981,2877.0,2877.0
2014-05-01,5821.0,900.8862722513089,4775.0,4775.0
2014-05-02,2930.0,932.3486499486398,2360.0,2360.0
2014-05-03,2868.0,885.8077994459951,2487.0,2487.0
2014-05-04,5306.0,847.2706565689666,4360.0,4360.0
2014-05-05,1939.0,814.0764889918892,1726.0,1726.0
2014-05-06,2692.0,868.1614864282625,2321.0,2321.0
2014-05-07,3719.0,841.221081643267,3205.0,3205.0
2014-05-08,2771.0,923.7318794774545,2373.0,2373.0
2014-05-09,3364.0,850.9668058256044,2363.0,2363.0
2014-05-10,7062.0,1088.0663990921346,4005.0,4005.0
2014-05-11,2587.0,1079.5529602935908,2034.0,2034.0
2014-05-12,3663.0,1293.196382464617,2897.0,2897.0
2014-05-13,1637.0,904.0498075646981,1507.0,1507.0
2014-05-14,2102.0,835.7766799448045,1829.0,1829.0
2014-05-15,2256.0,840.8723732630306,2023.0,2023.0
2014-05-16,2736.0,826.4545414262158,2426.0,2426.0
2014-05-17,4143.0,815.1133525948771,3541.0,3541.0
2014-05-18,3189.0,871.3100715383702,2819.0,2819.0
2014-05-19,1952.0,827.7375889781862,1742.0,1742.0
2014-05-20,2608.0,851.3161409048481,2040.0,2040.0
2014-05-21,2318.0,856.4790316205555,2024.0,2024.0
2014-05-22,2552.0,753.9876669702511,2196.0,2196.0
2014-05-23,3114.0,835.8236466492591,2681.0,2681.0
2014-05-24,4174.0,832.7219422183507,3444.0,3444.0
2014-05-25,3013.0,837.8031484939012,2678.0,2678.0
2014-05-26,2242.0,828.0762455606294,1971.0,1971.0
2014-05-27,8260.0,1221.2710311588578,2900.0,2900.0
2014-05-28,4065.0,1084.869580867212,2701.0,2701.0
2014-05-29,3698.0,980.8627460230255,2800.0,2800.0
2014-05-30,4497.0,905.1177993040175,3246.0,3246.0
2014-05-31,5398.0,940.6939981373126,4152.0,4152.0
2014-06-01,5376.0,896.3291755019175,4433.0,4433.0
2014-06-02,3269.0,921.2147655982911,2600.0,2600.0
2014-06-03,3272.0,847.2851655715737,2781.0,2781.0
2014-06-04,4011.0,771.6933055067368,3414.0,3414.0
2014-06-05,2300.0,901.5264234865308,1951.0,1951.0
2014-06-06,3092.0,885.5410288656016,2590.0,2590.0
2014-06-07,3155.0,843.7539866714282,2801.0,2801.0
2014-06-08,2716.0,888.1602907493102,2377.0,2377.0
2014-06-09,4688.0,901.2418242720747,3424.0,3424.0
2014-06-10,2429.0,1127.6352352610363,1950.0,1950.0
2014-06-11,2596.0,1138.330704335971,2150.0,2150.0
2014-06-12,5840.0,1292.647278084714,4525.0,4525.0
2014-06-13,3802.0,847.6000850603155,3233.0,3233.0
2014-06-14,3514.0,796.9243202947845,2940.0,2940.0
2014-06-15,3167.0,812.185203567036,2710.0,2710.0
2014-06-16,2615.0,869.6620998355043,2258.0,2258.0
2014-06-17,2616.0,932.1432846768336,2295.0,2295.0
2014-06-18,2755.0,893.3599398414008,2438.0,2438.0
2014-06-19,2941.0,900.6181100627042,2377.0,2377.0
2014-06-20,3306.0,934.1914337319375,2676.0,2676.0
2014-06-21,4428.0,887.3797782546495,3728.0,3728.0
2014-06-22,3155.0,848.5843727598569,2790.0,2790.0
2014-06-23,2513.0,926.3467235016241,2258.0,2258.0
2014-06-24,2481.0,885.2590294029402,2222.0,2222.0
2014-06-25,2683.0,850.4303979678244,2362.0,2362.0
2014-06-26,2875.0,924.6636237214116,2373.0,2373.0
2014-06-27,3595.0,907.9445975746938,2873.0,2873.0
2014-06-28,4959.0,811.403978919631,3795.0,3795.0
2014-06-29,3425.0,838.6320531961936,3014.0,3014.0
2014-06-30,2774.0,891.002097017596,2380.0,2380.0
2014-07-01,4764.0,848.253236859614,4008.0,4008.0
2014-07-02,3493.0,906.7239588363799,2899.0,2899.0
2014-07-03,5046.0,845.054444383299,4130.0,4130.0
2014-07-04,2227.0,917.5858969232434,1948.0,1948.0
2014-07-05,2327.0,861.221075949367,2054.0,2054.0
2014-07-06,4193.0,901.0613194388618,3554.0,3554.0
2014-07-07,2714.0,888.6457720830432,2241.0,2241.0
2014-07-08,2600.0,849.2834126297607,2312.0,2312.0
2014-07-09,3659.0,873.1395643286568,2846.0,2846.0
2014-07-10,2609.0,1134.5461397995393,1985.0,1985.0
2014-07-11,3351.0,1205.0776764661032,2604.0,2604.0
2014-07-12,4687.0,1212.950035545022,3798.0,3798.0
2014-07-13,3096.0,804.067078246987,2634.0,2634.0
2014-07-14,2605.0,881.6474513646955,2296.0,2296.0
2014-07-15,2617.0,881.7478693087999,2355.0,2355.0
2014-07-16,2567.0,823.5557868940826,2267.0,2267.0
2014-07-17,2630.0,796.5316075498573,2340.0,2340.0
2014-07-18,2877.0,813.285520219867,2547.0,2547.0
2014-07-19,3666.0,776.1888130284992,3193.0,3193.0
2014-07-20,3301.0,771.2724401100146,2926.0,2926.0
2014-07-21,2601.0,914.8924886721207,2270.0,2270.0
2014-07-22,2603.0,807.9194684793565,2326.0,2326.0
2014-07-23,2685.0,814.7995812706287,2424.0,2424.0
2014-07-24,2798.0,805.0233201058218,2520.0,2520.0
2014-07-25,2950.0,768.76935872396,2560.0,2560.0
2014-07-26,3513.0,844.5832579672704,3096.0,3096.0
2014-07-27,3078.0,885.570630081301,2706.0,2706.0
2014-07-28,2439.0,834.1428484572125,2193.0,2193.0
2014-07-29,2340.0,906.0058238636364,2112.0,2112.0
2014-07-30,4054.0,971.7507824611847,2186.0,2186.0
2014-07-31,2878.0,897.0341725902158,2271.0,2271.0
2014-08-01,4312.0,897.3429468406108,3756.0,3756.0
2014-08-02,5678.0,870.850846391226,4601.0,4601.0
2014-08-03,5926.0,806.4451666912878,4835.0,4835.0
2014-08-04,2312.0,878.7502210851109,2001.0,2001.0
2014-08-05,3074.0,786.8256311414549,2659.0,2659.0
2014-08-06,3458.0,822.964936220208,2979.0,2979.0
2014-08-07,2667.0,837.4551454234387,2338.0,2338.0
2014-08-08,3305.0,893.1574163670108,2838.0,2838.0
2014-08-09,2245.0,1029.779292460874,1743.0,1743.0
2014-08-10,2874.0,1162.6307722314148,2111.0,2111.0
2014-08-11,4884.0,1135.724904318594,3867.0,3867.0
2014-08-12,2648.0,1311.29199094203,2200.0,2200.0
2014-08-13,3123.0,840.6236899388233,2477.0,2477.0
2014-08-14,3231.0,884.6831060717783,2712.0,2712.0
2014-08-15,3637.0,883.834667402689,3011.0,3011.0
2014-08-16,4107.0,834.1980469094739,3466.0,3466.0
2014-08-17,3828.0,877.0134818431501,3277.0,3277.0
2014-08-18,3155.0,959.2665784732382,2643.0,2643.0
2014-08-19,3479.0,1045.1811482417231,2622.0,2622.0
2014-08-20,2997.0,948.9020384527626,2504.0,2504.0
2014-08-21,3107.0,870.235660306773,2673.0,2673.0
2014-08-22,3422.0,871.783151630058,2901.0,2901.0
2014-08-23,4211.0,831.3095127703174,3576.0,3576.0
2014-08-24,3685.0,835.3653109533043,3098.0,3098.0
2014-08-25,2836.0,979.0883381167152,2439.0,2439.0
2014-08-26,3025.0,893.3419493922042,2533.0,2533.0
2014-08-27,3244.0,889.0078826286299,2784.0,2784.0
2014-08-28,3253.0,899.9772594451059,2769.0,2769.0
2014-08-29,3542.0,891.6985085623319,2948.0,2948.0
2014-08-30,4897.0,812.0657475824479,4033.0,4033.0
2014-08-31,4083.0,870.4330457902505,3385.0,3385.0
2014-09-01,3012.0,902.5065775502476,2637.0,2637.0
2014-09-02,4661.0,839.924148798649,3831.0,3831.0
2014-09-03,5187.0,774.854972301493,4255.0,4255.0
2014-09-04,2647.0,840.4390442778533,2083.0,2083.0
2014-09-05,2631.0,814.2637896233127,2345.0,2345.0
2014-09-06,2767.0,859.9214528462196,2354.0,2354.0
2014-09-07,2683.0,907.7135363429867,2348.0,2348.0
2014-09-08,3553.0,918.0754788899679,3087.0,3087.0
2014-09-09,2998.0,1044.223049081522,2001.0,2001.0
2014-09-10,3738.0,1130.3407090491753,2137.0,2137.0
2014-09-11,3647.0,1085.5651148468717,3004.0,3004.0
2014-09-12,2630.0,1381.6981732325971,2180.0,2180.0
2014-09-13,4535.0,965.2245809207213,3555.0,3555.0
2014-09-14,4308.0,921.2488237664065,3373.0,3373.0
2014-09-15,2557.0,1067.514581335888,2086.0,2086.0
2014-09-16,2515.0,1158.9501977348548,2067.0,2067.0
2014-09-17,2525.0,1039.9071944177092,2078.0,2078.0
2014-09-18,2450.0,973.6713333333336,2025.0,2025.0
2014-09-19,3102.0,961.1880877680609,2483.0,2483.0
2014-09-20,4429.0,921.9758305809872,3417.0,3417.0
2014-09-21,3640.0,957.0640271320348,2919.0,2919.0
2014-09-22,2164.0,1046.093172614528,1756.0,1756.0
2014-09-23,2839.0,1112.7631399862848,1897.0,1897.0
2014-09-24,2750.0,1154.1616319665998,2036.0,2036.0
2014-09-25,4373.0,1239.780090132836,2299.0,2299.0
2014-09-26,4606.0,1832.335526859066,2797.0,2797.0
2014-09-27,5390.0,1257.4827962173927,3708.0,3708.0
2014-09-28,4056.0,1220.453539089092,2898.0,2898.0
2014-09-29,2868.0,1323.4381218480298,2054.0,2054.0
2014-09-30,2757.0,1325.262624607704,1927.0,1927.0
2014-10-01,3350.0,885.339627884144,2910.0,2910.0
2014-10-02,2683.0,1022.7855188391175,2261.0,2261.0
2014-10-03,3640.0,763.6292578292567,3108.0,3108.0
2014-10-04,2528.0,869.3902003536925,2208.0,2208.0
2014-10-05,3508.0,776.5022178861786,3075.0,3075.0
2014-10-06,3224.0,921.9878869597359,2707.0,2707.0
2014-10-07,2932.0,871.4257498706004,2576.0,2576.0
2014-10-08,3209.0,868.3141406627966,2756.0,2756.0
2014-10-09,3088.0,1065.5596396054482,2190.0,2190.0
2014-10-10,3595.0,1126.1518268495297,2677.0,2677.0
2014-10-11,2073.0,1223.4454218690873,1762.0,1762.0
2014-10-12,2827.0,1344.037713074768,2394.0,2394.0
2014-10-13,2301.0,1044.8816259349758,1929.0,1929.0
2014-10-14,2419.0,1203.3186071384869,1928.0,1928.0
2014-10-15,2418.0,1107.9382069854312,1946.0,1946.0
2014-10-16,2505.0,1135.2900143041686,2064.0,2064.0
2014-10-17,3308.0,1009.8430686045247,2667.0,2667.0
2014-10-18,5006.0,1017.8692094553159,3986.0,3986.0
2014-10-19,3972.0,1062.8901096557265,3321.0,3321.0
2014-10-20,2110.0,1096.1354685777235,1814.0,1814.0
2014-10-21,2038.0,993.14849675884,1741.0,1741.0
2014-10-22,2082.0,1012.4186460158174,1794.0,1794.0
2014-10-23,2171.0,1028.1426233718616,1817.0,1817.0
2014-10-24,2932.0,1043.3045124581542,2382.0,2382.0
2014-10-25,4489.0,994.9490208764634,3588.0,3588.0
2014-10-26,3893.0,915.3441191498063,3262.0,3262.0
2014-10-27,2044.0,935.8395733340551,1766.0,1766.0
2014-10-28,2150.0,1012.136960891811,1824.0,1824.0
2014-10-29,2277.0,1051.5130321910733,1926.0,1926.0
2014-10-30,2265.0,1021.2162720978281,1988.0,1988.0
2014-10-31,3020.0,1093.0516398993807,2584.0,2584.0
2014-11-01,4942.0,810.5820130438249,4191.0,4191.0
2014-11-02,2886.0,908.5787362185708,2433.0,2433.0
2014-11-03,2417.0,784.3739501312335,1905.0,1905.0
2014-11-04,3399.0,886.702023267042,2926.0,2926.0
2014-11-05,2986.0,786.0154329245638,2691.0,2691.0
2014-11-06,3407.0,884.5171277451998,2899.0,2899.0
2014-11-07,3323.0,852.7593560401873,2915.0,2915.0
2014-11-08,2756.0,825.338686650559,2365.0,2365.0
2014-11-09,3313.0,1141.5401686245564,2235.0,2235.0
2014-11-10,4842.0,1050.1291310277015,3822.0,3822.0
2014-11-11,2669.0,1097.794473833613,1979.0,1979.0
2014-11-12,3083.0,1297.1101224177507,2614.0,2614.0
2014-11-13,5525.0,1435.9044523583088,2432.0,2432.0
2014-11-14,3940.0,1264.4010036874324,2779.0,2779.0
2014-11-15,5567.0,1162.0713173843715,4180.0,4180.0
2014-11-16,4556.0,1135.4227519486506,3635.0,3635.0
2014-11-17,2644.0,1298.6201641503656,1979.0,1979.0
2014-11-18,5844.0,1512.4851146446672,2453.0,2453.0
2014-11-19,4575.0,1626.9468265395105,2450.0,2450.0
2014-11-20,4398.0,1536.0654239287983,2685.0,2685.0
2014-11-21,4673.0,1413.4683770921188,3215.0,3215.0
2014-11-22,5810.0,1274.2255253815042,4305.0,4305.0
2014-11-23,4594.0,1285.658873615431,3627.0,3627.0
2014-11-24,2659.0,1344.2686154591897,2133.0,2133.0
2014-11-25,2703.0,1357.0401966597176,2198.0,2198.0
2014-11-26,2666.0,1364.263708312274,2167.0,2167.0
2014-11-27,2688.0,1390.5727612086419,2189.0,2189.0
2014-11-28,3768.0,1252.1970524735575,2926.0,2926.0
2014-11-29,5451.0,1211.0398933918702,4230.0,4230.0
2014-11-30,4357.0,1173.8315966266425,3498.0,3498.0
2014-12-01,3764.0,811.4764491882141,3326.0,3326.0
2014-12-02,3074.0,896.0918033520572,2590.0,2590.0
2014-12-03,2346.0,797.5515694283789,1976.0,1976.0
2014-12-04,4842.0,830.4651316298874,4059.0,4059.0
2014-12-05,1845.0,780.9910136978596,1693.0,1693.0
2014-12-06,4765.0,845.4879266919772,3903.0,3903.0
2014-12-07,3920.0,855.0832979651173,3440.0,3440.0
2014-12-08,3016.0,877.1708104150423,2417.0,2417.0
2014-12-09,3607.0,998.0138013476261,2671.0,2671.0
2014-12-10,4120.0,1014.7552396675198,3382.0,3382.0
2014-12-11,2231.0,1063.4352542149647,1898.0,1898.0
2014-12-12,4046.0,1228.0685553122653,3363.0,3363.0
2014-12-13,6189.0,1275.2468156991476,4939.0,4939.0
2014-12-14,5026.0,1216.816898708137,4051.0,4051.0
2014-12-15,3343.0,1367.5789399227529,2755.0,2755.0
2014-12-16,3387.0,1655.7347349269078,2806.0,2806.0
2014-12-17,3888.0,1742.8387206188168,3169.0,3169.0
2014-12-18,4459.0,1697.4248606148017,3460.0,3460.0
2014-12-19,5954.0,1608.365866239088,4219.0,4219.0
2014-12-20,8374.0,1426.5716298294437,6349.0,6349.0
2014-12-21,7249.0,1352.0163568745245,5644.0,5644.0
2014-12-22,4564.0,1507.885561925054,3643.0,3643.0
2014-12-23,4918.0,1478.8616092943923,3944.0,3944.0
2014-12-24,5089.0,1395.2697418998987,3995.0,3995.0
2014-12-25,5240.0,1256.94853535132,4213.0,4213.0
2014-12-26,7046.0,1398.3412401768337,5353.0,5353.0
2014-12-27,10933.0,1345.8752910648352,8041.0,8041.0
2014-12-28,9739.0,1289.270696432672,7370.0,7370.0
2014-12-29,8604.0,1336.109087101215,6505.0,6505.0
2014-12-30,13259.0,1309.4773876507318,9324.0,9324.0
2014-12-31,11413.0,1350.7467897035942,8347.0,8347.0
